{
	"name": "Java & Typescript",
	"image": "mcr.microsoft.com/devcontainers/base:bookworm",
	// 👇 Features to add to the Dev Container. More info: https://containers.dev/implementors/features.
	"features": {
		"ghcr.io/devcontainers/features/node:1": {},
		"ghcr.io/devcontainers/features/java:1": {
			"version": "latest",
			"installMaven": true,
			"installGradle": false
		}
	},
	"forwardPorts": [
		5173
	],
	"tasks": {
		"test": "pnpm install && pnpm test:ci"
	}
	// 👇 Configure tool-specific properties.
	// "customizations": {},
}